timestamp,source_ip,source_port,destination_ip,destination_port,protocol,packet_size
2023-01-11 10:35:16,47.103.106.135,35286,1.94.122.52,21954,TCP,328
2021-04-27 12:19:38,181.231.161.238,51595,20.70.134.143,42801,TCP,893
2020-10-12 03:56:57,45.189.39.254,29302,37.27.76.106,53045,ICMP,1402
2023-06-15 21:15:31,154.247.189.149,3369,181.86.155.56,42544,UDP,352
2021-05-15 18:33:08,202.193.15.81,20403,114.191.206.165,31845,TCP,671
2021-07-12 03:56:30,73.134.192.150,19787,184.250.1.0,46245,ICMP,1182
2023-08-17 09:23:40,19.199.244.92,64274,177.61.10.175,26043,UDP,1419
2021-09-09 09:34:14,88.17.236.214,20786,52.234.54.67,31358,TCP,1475
2022-04-01 21:46:28,2.242.207.188,22260,19.50.171.137,43581,TCP,125
2023-10-31 23:38:37,200.78.187.160,51577,195.203.102.129,14346,ICMP,304
2023-03-23 00:11:17,85.137.49.16,14990,46.21.245.26,31606,TCP,389
2021-02-20 12:39:26,79.154.190.67,61347,22.142.46.246,54166,UDP,934
2022-10-11 21:53:29,181.119.2.254,64664,160.169.26.230,49640,TCP,868
2020-02-27 02:23:09,66.132.233.46,41586,200.10.14.74,59768,TCP,794
2023-10-14 18:18:00,16.203.24.101,22790,111.187.40.211,52043,TCP,1093
2023-03-31 20:39:12,170.168.49.147,12384,122.164.143.236,4175,TCP,255
2021-01-09 00:52:17,99.130.18.123,38683,220.56.239.137,24895,UDP,1235
2021-01-28 16:53:39,80.118.177.196,15620,104.74.163.161,50767,ICMP,1156
2020-12-15 08:28:16,46.3.48.76,56983,9.121.100.139,47368,ICMP,134
2022-05-14 06:25:10,35.253.139.187,29572,93.26.200.120,59353,ICMP,1218
2021-02-25 18:02:04,21.49.217.94,10250,140.237.231.216,12493,TCP,632
2022-03-01 12:38:31,206.48.208.145,41301,8.203.43.7,18498,UDP,1394
2022-12-05 10:58:54,154.107.113.24,53382,155.237.130.84,35160,TCP,416
2020-10-26 17:15:36,19.246.128.52,15033,134.16.135.254,23988,TCP,198
2021-06-09 09:39:18,188.135.74.138,18697,95.172.159.115,9541,ICMP,1318
2020-01-30 19:08:06,156.117.180.211,55287,142.233.85.214,33583,UDP,1257
2020-01-25 05:58:15,69.193.160.94,44641,41.51.128.135,10545,UDP,741
2020-08-02 14:44:26,102.67.209.174,25269,163.121.53.180,43418,UDP,1245
2023-03-27 09:05:02,115.53.102.95,53161,37.70.60.177,35264,TCP,690
2022-05-02 01:54:13,100.130.15.250,49757,186.166.251.77,57938,ICMP,1271
2022-12-24 23:05:29,210.129.21.45,36804,118.159.61.130,9245,UDP,917
2023-01-12 06:40:46,66.72.34.7,10870,110.201.169.22,11779,UDP,525
2021-09-23 21:31:27,66.117.178.33,59613,24.156.45.106,58148,TCP,263
2021-08-08 23:44:44,118.29.131.25,39374,171.100.43.21,6718,ICMP,361
2021-12-24 22:24:17,116.127.189.56,45726,173.27.192.111,53703,TCP,973
2023-10-27 09:03:47,45.138.152.57,35063,92.193.84.165,29524,TCP,1367
2022-07-04 04:40:38,114.198.15.208,41159,177.151.142.167,34832,UDP,1420
2022-11-17 05:49:59,88.38.201.244,16221,26.92.193.225,51473,TCP,547
2022-03-16 22:30:22,26.129.164.107,25873,110.243.76.178,28477,ICMP,1391
2020-05-22 14:24:59,39.98.222.200,38850,166.20.31.96,29965,TCP,947
2022-12-29 02:18:11,24.143.44.123,34317,48.129.162.46,30282,ICMP,622
2022-09-11 23:29:14,9.171.228.244,60692,59.37.26.196,4855,ICMP,288
2022-02-15 01:14:11,131.120.7.44,52461,7.127.173.193,26282,ICMP,76
2021-02-02 17:40:42,25.111.93.50,10160,57.245.160.151,23408,ICMP,455
2021-03-15 19:37:32,36.87.130.145,32522,81.242.14.42,27415,ICMP,225
2021-03-05 08:21:31,60.76.132.27,3535,160.202.67.28,12922,TCP,1176
2021-04-20 05:51:44,20.23.44.35,32452,67.19.167.186,40260,TCP,1293
2023-01-10 09:53:22,34.150.176.20,24309,118.91.155.43,15892,UDP,601
2022-12-22 05:25:09,78.130.238.169,52685,56.220.187.98,25095,TCP,1303
2022-11-06 20:43:35,95.143.202.228,40271,151.111.245.131,19464,ICMP,565
2021-09-22 06:51:55,55.146.232.30,63624,49.3.251.15,64771,ICMP,1088
2021-10-20 02:38:16,58.251.1.69,62821,192.244.151.64,10081,UDP,136
2021-03-08 07:45:39,221.212.104.64,48034,219.115.175.109,35264,UDP,362
2021-05-02 06:49:16,126.205.25.113,39941,84.4.74.136,25490,ICMP,254
2021-02-07 21:45:18,172.11.61.139,61364,97.46.52.7,48431,UDP,361
2021-09-03 14:19:34,203.124.250.55,51292,213.63.138.26,64992,UDP,1436
2023-09-05 23:10:20,142.207.38.183,27932,180.81.16.48,56365,ICMP,1331
2021-01-08 20:18:16,165.3.92.185,56557,137.176.239.67,47445,ICMP,646
2020-01-03 14:15:16,68.32.216.118,26411,204.141.33.44,45333,UDP,871
2021-01-08 02:38:16,6.58.246.63,15207,56.143.16.215,2396,UDP,558
2020-04-23 20:47:38,187.129.116.6,47815,28.138.141.6,58270,TCP,567
2022-01-19 18:24:26,215.157.176.31,10338,168.209.70.214,11542,ICMP,1382
2021-05-12 10:30:40,39.155.72.175,10213,203.247.18.155,41258,TCP,222
2020-10-27 22:50:36,136.47.6.76,10857,142.101.103.34,60096,ICMP,1305
2022-07-08 23:46:24,135.229.109.147,4257,202.82.24.69,1028,TCP,666
2021-08-10 04:34:27,2.199.37.95,42052,181.129.243.188,8240,TCP,93
2022-07-22 10:39:18,205.143.12.8,40595,121.107.180.249,61439,TCP,437
2021-11-09 00:55:52,166.36.90.168,1448,109.76.204.130,63080,ICMP,229
2022-03-02 00:09:31,73.59.220.176,3353,146.213.91.205,20835,UDP,729
2020-11-08 15:40:40,129.92.239.52,25816,51.195.212.253,3683,TCP,197
2022-08-23 00:31:56,73.11.141.12,34346,44.195.90.178,51196,UDP,1365
2023-08-28 01:39:05,161.89.21.155,15768,59.181.0.154,47940,TCP,735
2023-08-07 13:37:31,178.136.67.208,55510,197.28.50.158,44668,TCP,404
2022-11-17 18:36:44,70.237.166.195,2848,87.184.221.203,61598,UDP,471
2021-05-20 11:24:45,28.79.102.226,35178,15.126.148.228,19617,TCP,636
2022-09-18 12:09:04,52.195.22.219,58160,219.246.70.133,4126,TCP,680
2022-05-14 13:47:39,192.121.227.66,8422,215.109.90.115,58268,ICMP,830
2020-11-14 02:15:54,196.179.98.71,64044,219.49.191.2,10379,TCP,1103
2023-10-07 16:26:52,206.41.150.54,19677,205.147.216.90,1848,ICMP,1345
2022-05-11 13:55:24,192.88.132.42,3538,26.224.78.230,37493,UDP,670
2022-04-06 19:56:33,191.184.107.119,44287,168.129.172.240,30133,ICMP,128
2022-01-26 16:57:45,130.108.134.228,46483,34.135.217.114,8742,TCP,1353
2020-11-13 02:37:09,97.60.241.28,4581,83.145.56.81,60594,TCP,195
2021-02-19 08:23:14,3.208.49.128,51949,129.48.82.40,56293,TCP,557
2022-01-01 19:44:48,76.15.182.203,46483,223.45.241.248,8893,ICMP,668
2022-04-17 23:11:42,208.92.3.195,11001,57.147.248.194,4681,TCP,178
2021-02-17 18:00:59,84.106.103.95,19741,72.192.194.248,34483,TCP,469
2023-02-07 10:27:24,219.16.63.182,40197,114.229.199.37,59312,UDP,559
2020-03-22 13:24:14,92.186.37.127,55893,95.32.194.103,61620,TCP,176
2020-03-30 16:53:29,210.45.27.122,12169,46.232.60.59,25896,TCP,828
2022-10-19 09:50:05,184.89.146.23,21101,178.190.75.122,41558,ICMP,1242
2023-10-05 10:53:54,83.253.29.10,24420,147.235.16.94,33201,UDP,311
2020-10-14 17:18:01,158.153.120.154,50181,105.23.141.245,22987,ICMP,210
2023-09-19 03:25:39,194.20.73.101,12218,139.62.1.206,20823,ICMP,295
2022-03-04 09:45:31,69.100.29.200,34848,102.154.238.204,41519,UDP,1430
2023-09-28 18:53:07,71.120.112.92,31575,215.234.103.128,44251,UDP,1211
2022-02-23 16:59:15,138.106.171.88,20603,199.230.192.191,47662,TCP,351
2022-07-25 16:50:19,56.183.185.236,7516,68.177.152.21,50517,UDP,602
2021-11-04 12:21:36,194.10.112.134,26980,209.68.34.168,63623,UDP,675
2021-08-05 00:49:50,65.152.203.53,36989,46.107.5.132,46000,UDP,1264
2020-07-17 04:58:20,153.212.212.21,11961,65.226.249.234,1580,UDP,508
2021-02-01 23:39:41,148.73.71.232,36241,92.213.104.212,33380,UDP,77
2021-11-12 13:17:46,214.163.139.140,54583,23.40.144.117,44021,ICMP,176
2020-08-29 03:14:00,179.172.62.191,65379,12.58.182.190,51101,ICMP,96
2022-12-17 13:11:57,118.140.165.180,44581,170.85.215.84,15872,TCP,1143
2020-02-16 05:31:25,13.114.180.230,13383,28.165.1.220,46496,TCP,677
2023-10-23 06:26:19,98.177.139.197,44522,96.220.170.172,63472,UDP,1243
2021-02-28 12:36:35,32.174.193.143,27547,43.176.92.233,33968,TCP,799
2022-12-03 00:12:07,21.109.156.135,64050,46.148.91.65,26381,UDP,992
2021-11-03 10:43:22,205.200.90.184,9994,145.113.110.197,2211,UDP,966
2023-06-10 16:21:37,122.246.174.60,51787,217.32.160.66,24322,ICMP,254
2022-12-22 05:30:59,184.244.244.13,12702,84.173.230.238,2816,TCP,180
2023-03-15 02:59:47,210.13.165.196,28846,76.6.61.87,46817,UDP,1157
2020-03-02 05:48:03,10.240.35.63,34399,169.140.89.139,46803,ICMP,452
2023-06-01 12:14:43,138.15.19.208,52999,70.81.53.250,51888,ICMP,1440
2020-04-21 09:21:32,72.113.159.65,43288,183.58.199.122,20526,TCP,1271
2020-08-29 07:44:04,196.158.12.58,20514,156.194.134.52,21796,UDP,851
2021-08-11 09:59:56,10.95.200.26,27864,71.82.170.150,28875,ICMP,418
2020-04-17 23:26:27,80.254.11.214,40294,22.69.17.229,32023,UDP,1038
2023-12-22 19:00:50,32.28.219.179,42298,69.70.115.242,5351,UDP,1231
2021-10-22 09:05:02,191.223.50.185,1808,103.233.100.252,28889,UDP,618
2021-07-01 08:34:08,134.225.2.216,4399,6.50.165.114,27683,TCP,284
2020-07-15 14:57:13,34.139.44.106,2784,192.203.247.79,65434,ICMP,496
2023-10-22 02:13:03,44.145.18.45,13551,116.57.179.128,12099,ICMP,920
2022-08-28 12:22:33,177.152.227.199,19655,97.153.123.224,5886,ICMP,1475
2022-11-09 16:31:12,28.147.14.78,45781,169.197.54.89,37160,ICMP,387
2022-05-05 10:51:00,210.18.109.25,42460,219.49.222.138,20156,ICMP,696
2022-06-02 00:24:57,208.15.174.182,46685,26.162.214.60,21699,UDP,1065
2020-09-29 10:24:30,61.100.143.128,17354,163.125.80.184,12112,ICMP,704
2023-06-24 19:35:08,209.173.84.155,25504,170.152.56.173,59218,TCP,216
2020-03-27 05:19:45,132.191.114.19,37686,209.129.239.31,31563,TCP,496
2023-06-20 06:43:34,221.54.198.98,56028,198.0.100.43,2234,TCP,582
2023-04-15 22:28:30,45.133.53.96,59056,148.46.168.147,34805,TCP,1385
2021-03-11 01:55:20,41.60.23.212,35026,202.105.205.96,24232,ICMP,931
2020-04-17 13:03:45,31.153.22.62,23102,86.147.42.62,18646,ICMP,1012
2022-12-30 16:33:22,11.100.102.103,46973,33.232.217.29,52602,TCP,853
2023-10-13 16:03:27,68.246.116.66,46670,206.73.137.231,35771,UDP,1237
2021-04-20 12:54:07,85.106.135.46,1732,118.126.37.191,59780,UDP,379
2020-12-20 19:11:41,136.224.243.96,11086,195.231.204.209,64921,TCP,1343
2023-05-22 06:47:01,43.85.31.178,26658,43.146.154.102,50893,ICMP,1306
2022-06-09 13:43:47,92.41.62.117,14901,145.143.103.226,7526,ICMP,117
2022-07-03 21:56:32,54.57.76.214,16332,155.250.52.158,33273,TCP,1153
2021-02-16 05:23:35,54.83.219.110,42087,120.27.34.7,32720,ICMP,1362
2020-07-28 23:14:36,87.195.231.79,12897,185.249.61.100,44469,ICMP,1308
2022-05-28 08:39:39,92.97.122.73,42510,72.66.3.204,33738,UDP,914
2020-01-21 01:13:21,169.140.177.162,43943,69.168.31.19,25816,TCP,352
2021-03-03 11:38:51,158.144.250.89,16410,50.109.38.84,9345,UDP,1187
2023-06-04 03:40:40,160.67.6.54,20419,58.160.148.96,47879,TCP,868
2022-07-13 17:36:20,193.153.12.123,52295,137.136.23.50,43313,TCP,493
2021-10-20 06:05:03,64.211.32.142,51392,162.79.109.110,26069,TCP,170
2023-11-29 01:17:22,31.216.7.177,55787,62.253.150.153,43702,UDP,372
2020-09-25 20:38:53,73.185.45.145,45758,162.241.179.228,52299,UDP,1198
2023-01-06 09:48:49,7.208.156.66,55826,80.241.91.42,1299,TCP,521
2022-01-27 04:13:14,179.232.95.172,62162,21.141.137.143,39319,UDP,1069
2020-07-12 09:16:47,140.128.140.86,50278,45.114.65.247,17119,TCP,577
2021-07-04 18:06:36,222.254.210.218,54792,139.230.239.128,58321,TCP,348
2020-05-01 11:56:37,222.173.129.184,7809,1.56.132.213,38624,UDP,822
2021-02-26 02:44:17,32.223.98.3,24818,167.151.136.229,18441,ICMP,737
2023-08-13 20:12:24,184.241.129.102,31502,151.85.208.158,5385,TCP,800
2021-05-03 01:11:03,185.1.99.140,20427,145.43.146.137,20412,UDP,974
2020-02-24 14:16:44,165.152.252.36,5527,142.153.141.146,3418,ICMP,201
2020-06-03 06:44:04,89.126.46.223,55385,169.60.119.252,44436,ICMP,403
2020-07-01 01:19:43,55.2.229.218,38954,104.59.12.20,32436,UDP,1304
2023-12-19 00:17:52,1.149.216.188,57183,188.47.109.93,14889,UDP,1261
2022-03-25 04:14:49,137.176.220.12,65469,220.85.202.193,33863,TCP,424
2022-12-16 10:52:58,18.105.154.52,24703,93.84.208.31,33574,TCP,1186
2021-09-24 20:00:46,71.96.253.41,9130,213.27.40.98,14093,TCP,119
2021-09-21 22:01:53,218.109.218.211,45483,172.137.84.45,16071,ICMP,689
2023-04-02 15:31:13,117.221.209.179,36793,38.36.74.189,53162,UDP,277
2020-01-02 15:26:09,184.148.94.243,22600,6.176.33.24,24478,ICMP,1380
2022-08-22 14:09:06,218.190.198.248,46681,88.83.244.29,51909,UDP,1354
2021-09-07 17:45:34,179.186.87.162,43400,151.69.39.132,15333,ICMP,510
2022-02-13 11:41:12,110.219.132.99,32356,105.239.144.106,15318,UDP,959
2023-04-03 08:03:31,223.84.223.95,9071,111.52.77.56,38204,ICMP,98
2020-06-29 09:17:49,146.98.122.164,24555,144.158.22.30,34265,UDP,1276
2021-03-20 19:11:22,5.4.102.215,59784,195.116.66.18,51586,TCP,1166
2021-03-31 03:54:26,76.13.181.162,13556,42.92.34.112,41312,ICMP,1402
2023-12-14 01:26:54,95.170.241.158,18836,137.93.20.250,22005,TCP,1150
2021-01-15 12:32:16,170.90.58.31,22050,92.13.45.163,54721,ICMP,609
2021-01-30 10:17:58,35.20.134.96,46596,47.60.219.81,23173,UDP,1053
2020-03-03 12:41:50,105.115.250.167,17953,167.209.192.132,42690,TCP,463
2023-12-02 20:51:10,202.104.16.59,40046,38.68.130.154,33671,UDP,232
2021-12-24 22:27:46,76.47.238.45,19150,201.216.141.100,21577,TCP,1289
2021-04-11 21:31:10,176.62.194.125,56128,41.128.89.146,5276,UDP,1085
2020-03-19 12:43:52,13.94.34.202,20697,187.99.56.229,34508,TCP,555
2021-05-02 15:38:16,164.32.86.205,2102,218.91.115.92,39435,UDP,1286
2021-04-13 01:20:16,201.111.53.95,12651,2.134.251.76,4511,ICMP,863
2021-01-10 06:18:53,15.99.233.161,61257,132.223.36.14,61209,UDP,357
2021-04-29 17:44:25,217.227.62.142,20961,130.166.84.125,8276,UDP,439
2022-03-09 21:20:28,6.40.116.57,1079,65.5.47.240,13094,TCP,810
2023-07-31 10:11:05,200.43.99.80,50541,108.107.208.250,19116,UDP,952
2022-03-12 17:41:47,162.238.74.160,54888,31.55.193.118,15858,ICMP,1156
2023-07-10 04:37:02,8.249.116.253,61700,185.171.47.55,37990,TCP,73
2022-06-28 05:33:18,173.180.76.220,59844,64.209.71.189,35746,TCP,79
2020-11-14 23:47:42,38.193.219.85,35877,57.141.15.250,13291,TCP,578
2023-11-15 12:20:26,201.73.137.16,31613,136.190.197.85,24316,UDP,683
2021-08-13 14:06:21,72.64.183.154,24164,48.252.38.163,18742,TCP,736
2023-07-02 21:09:49,133.231.45.36,55575,38.3.117.175,6976,TCP,466
2020-01-05 05:37:01,118.116.56.163,44283,198.141.204.198,3875,UDP,520
2020-06-12 05:34:19,10.22.113.215,47155,60.109.88.228,14233,ICMP,713
2022-02-01 05:09:29,67.28.75.7,12697,71.42.243.99,64736,ICMP,1480
2022-05-10 14:13:40,14.6.191.52,28045,136.154.95.150,8308,ICMP,1353
2021-04-26 09:30:29,24.219.143.64,55854,203.140.98.97,34609,TCP,1103
2022-11-26 06:40:30,222.204.188.233,15499,54.239.240.184,26159,TCP,163
2021-05-31 12:37:47,38.26.217.117,28828,177.174.244.128,24259,UDP,1298
2020-03-08 01:03:40,186.110.229.14,39897,33.83.76.200,30883,UDP,165
2020-02-10 13:23:54,162.199.124.38,16233,17.180.244.53,46189,UDP,796
2023-05-15 23:04:59,81.7.2.141,58304,166.181.211.108,10498,TCP,1402
2023-01-25 12:32:07,120.194.12.123,53821,166.99.31.158,24599,TCP,687
2022-10-24 06:08:37,175.34.228.208,19782,96.159.46.161,41866,ICMP,675
2020-07-25 02:05:49,25.125.212.73,34638,17.27.65.214,49546,TCP,1493
2022-12-04 11:08:09,196.153.136.114,17568,150.176.40.212,40762,UDP,364
2023-09-18 02:25:06,126.229.53.40,55525,214.32.22.90,44823,UDP,850
2021-11-17 04:50:55,138.88.76.238,38254,94.147.88.43,11360,UDP,1351
2022-08-23 20:57:58,36.206.20.119,37577,49.140.1.164,43976,UDP,294
2021-09-06 02:12:49,169.30.153.28,39356,217.142.43.104,7353,UDP,73
2021-04-24 21:38:49,174.1.54.254,52456,13.100.83.246,43563,TCP,864
2022-11-30 23:30:25,104.20.224.30,1351,78.139.238.120,19013,TCP,1325
2022-09-15 18:41:01,21.252.22.119,30282,108.23.95.3,20321,TCP,1155
2021-12-22 21:14:54,142.151.183.158,38393,12.160.137.193,17279,UDP,452
2020-07-18 23:42:48,123.67.247.143,12714,198.198.34.232,7391,ICMP,1183
2023-06-23 05:58:50,147.242.23.29,44475,211.236.54.255,21977,ICMP,1165
2022-09-19 18:19:24,222.63.134.99,28494,134.48.48.207,1244,ICMP,1388
2023-06-11 13:19:57,32.103.38.130,49399,162.89.193.6,47771,ICMP,398
2021-12-03 03:25:00,157.200.8.10,17527,197.67.226.246,65246,TCP,1464
2020-04-05 01:58:17,167.176.209.47,14631,38.77.235.32,16510,UDP,1226
2021-07-03 20:02:25,99.46.156.232,65466,28.172.248.62,50243,ICMP,1154
2023-05-25 12:47:29,72.112.139.161,5511,52.56.227.192,26734,UDP,69
2020-06-05 15:03:36,202.45.254.187,49158,83.16.108.206,51614,ICMP,494
2022-03-07 04:06:57,95.27.183.225,50911,170.88.181.129,34303,TCP,1395
2023-06-07 08:07:02,154.77.156.126,19002,75.172.85.226,56029,TCP,795
2022-10-23 00:30:53,94.181.251.107,21063,206.190.234.91,23815,UDP,1334
2020-07-22 15:30:40,186.77.70.136,34341,72.4.10.7,48175,UDP,254
2023-09-10 18:35:45,101.253.51.33,36804,50.162.75.127,13730,UDP,1235
2022-08-30 04:19:02,23.139.3.52,39001,114.161.182.59,27783,UDP,1075
2023-03-30 14:13:05,81.136.114.140,10030,45.228.105.238,38218,TCP,1153
2022-01-12 15:57:23,196.56.252.163,47645,156.172.214.95,52055,ICMP,1075
2021-06-27 06:16:15,146.22.110.197,33362,160.92.16.227,41488,TCP,309
2020-02-14 15:28:05,4.51.188.20,37818,26.102.155.158,49047,TCP,969
2021-08-07 04:05:27,214.165.126.66,23144,196.36.44.231,55094,ICMP,282
2020-01-11 10:48:31,198.83.30.83,2074,69.37.157.198,16919,TCP,980
2022-06-03 12:12:32,108.141.61.88,33122,108.171.217.153,31574,ICMP,1221
2022-03-24 09:39:05,81.97.244.5,23852,158.111.96.219,48571,TCP,70
2020-07-31 08:43:34,154.75.244.31,41119,160.86.59.137,44945,ICMP,155
2022-12-17 04:18:36,45.13.173.85,55468,198.98.215.26,8790,ICMP,796
2023-01-03 10:39:16,165.233.23.186,26518,23.5.160.70,48507,UDP,1434
2020-04-18 20:40:34,73.35.36.179,39277,116.20.131.31,56432,ICMP,959
2023-08-12 03:17:17,214.183.101.187,23143,210.153.4.8,3218,UDP,1045
2021-05-13 14:41:15,188.201.132.198,9904,184.216.63.245,59996,UDP,1460
2023-12-22 14:36:13,31.89.6.53,34633,156.222.204.114,49953,UDP,178
2021-10-11 12:39:50,162.34.210.78,39884,186.32.139.125,42761,UDP,453
2023-06-18 06:28:30,71.180.205.153,49925,151.22.146.40,47147,TCP,824
2021-06-21 15:14:52,139.46.173.56,48121,207.114.4.200,21280,UDP,548
2021-02-21 19:29:40,77.223.252.250,29483,170.237.85.213,9449,ICMP,1139
2023-07-25 01:34:31,113.239.242.213,19294,221.59.67.55,36916,ICMP,1276
2021-08-19 21:10:43,22.97.53.190,39460,147.188.178.71,15291,ICMP,418
2022-04-03 07:33:22,58.21.221.169,44282,143.252.245.15,45029,UDP,286
2023-09-28 10:26:56,82.97.16.229,18270,219.200.123.130,53092,UDP,452
2020-08-31 18:53:23,143.213.43.204,65215,209.164.220.209,61812,TCP,1013
2023-12-01 07:08:09,204.184.116.222,57396,144.224.129.148,49794,ICMP,1421
2021-10-03 18:41:13,74.42.181.74,32898,74.94.90.154,10845,TCP,242
2020-02-11 05:22:07,183.225.191.187,49285,27.155.27.195,47474,ICMP,572
2022-08-30 01:48:18,148.36.45.114,33376,4.163.12.79,11254,TCP,1170
2021-03-14 15:39:27,66.132.252.169,44994,191.202.122.208,4414,TCP,846
2020-07-09 12:13:51,133.108.108.79,33163,163.126.196.67,17443,UDP,101
2020-07-24 17:04:59,101.2.159.139,64447,107.205.81.83,15660,ICMP,323
2022-07-04 11:46:58,164.54.46.145,14363,94.91.29.110,3411,UDP,234
2023-03-19 15:08:48,195.149.45.12,36030,91.34.39.195,17636,TCP,413
2020-07-28 16:07:02,175.66.87.118,62323,53.183.198.73,30577,UDP,239
2022-03-06 02:24:47,87.52.227.98,53181,203.219.76.200,18691,TCP,988
2022-02-12 00:18:53,41.216.93.25,17709,118.253.97.151,29633,UDP,1116
2021-02-19 00:12:47,151.76.14.127,45089,92.137.22.155,35752,UDP,552
2021-11-08 15:13:25,183.130.94.145,10709,95.32.179.81,6702,TCP,952
2020-03-30 02:14:36,76.200.227.142,14943,154.176.41.216,23044,TCP,676
2020-01-05 23:07:51,39.196.197.248,36977,176.190.228.37,21499,UDP,912
2022-07-04 18:14:16,27.193.165.114,30152,171.73.89.235,33981,ICMP,1096
2021-11-04 10:20:39,182.129.246.206,20037,12.127.65.119,45768,ICMP,135
2020-03-31 07:41:52,155.32.195.70,10392,152.40.79.37,6822,UDP,1064
2022-10-06 20:14:07,135.39.46.112,29288,70.163.103.151,51040,TCP,616
2021-01-21 09:47:55,71.74.195.185,5997,98.32.154.133,21309,TCP,505
2020-11-14 17:09:54,51.103.147.139,58771,17.91.130.166,48397,ICMP,1021
2021-04-20 05:48:59,50.194.58.113,61485,41.103.13.34,37746,ICMP,866
2021-08-06 00:12:17,56.185.236.230,62587,21.115.222.7,53243,UDP,1197
2020-04-27 15:29:57,152.80.215.140,52127,174.152.117.250,54846,TCP,1406
2022-03-11 18:24:35,79.41.197.72,43591,25.133.51.219,57085,ICMP,146
2022-10-15 13:56:41,185.185.34.61,20633,29.182.139.212,10607,ICMP,332
2021-11-27 15:47:54,110.19.91.42,20480,169.202.49.180,28955,TCP,1112
2022-05-28 14:31:41,169.110.92.173,28187,203.185.184.139,35595,UDP,1471
2021-10-03 01:45:27,70.47.128.221,62675,25.3.142.163,47426,ICMP,255
2022-04-05 07:13:23,41.74.19.246,21250,191.221.214.8,56996,TCP,447
2021-11-29 06:47:52,128.181.51.33,51831,65.51.16.212,50266,UDP,988
2023-03-17 10:56:54,100.204.187.54,40844,25.109.163.142,19148,UDP,1089
2022-07-18 15:31:35,145.91.178.66,43323,202.105.103.81,58720,TCP,1306
2021-06-10 04:32:46,174.137.81.153,18350,28.241.56.33,2875,ICMP,1430
2020-07-16 12:02:41,34.111.160.71,14135,4.156.36.85,22178,ICMP,206
2021-01-17 03:53:21,202.165.164.138,16714,195.39.153.157,38731,ICMP,851
2022-12-02 09:41:15,199.61.113.13,49159,171.111.243.129,11808,UDP,771
2020-03-23 00:23:11,120.240.53.223,16623,29.209.58.103,52241,UDP,853
2021-08-25 12:32:20,173.180.217.238,46542,10.83.69.255,21022,TCP,1181
2022-09-30 03:01:50,50.251.115.149,39047,47.59.186.3,39897,TCP,1450
2020-08-30 03:22:08,60.91.228.140,28566,68.157.164.14,25655,UDP,1189
2020-11-17 21:58:55,90.117.184.218,5323,73.37.208.158,32693,UDP,1080
2023-05-02 17:17:35,202.50.196.57,28960,151.44.38.193,50990,TCP,858
2020-06-06 02:29:27,204.219.28.2,5993,57.119.32.229,14176,TCP,421
2021-01-13 15:30:13,100.16.205.24,8694,79.239.151.134,39333,TCP,1034
2020-04-16 05:41:35,141.60.9.6,6717,1.235.78.14,64141,UDP,736
2023-12-25 01:00:09,220.52.196.151,57520,145.45.77.155,13083,UDP,562
2020-04-10 01:43:05,89.207.104.105,36893,196.171.16.129,58590,ICMP,311
2021-10-23 14:16:19,22.78.41.109,41815,24.48.116.125,39903,TCP,1134
2022-05-16 20:43:37,33.122.30.234,59848,23.187.197.32,46354,ICMP,487
2022-11-25 20:12:24,73.22.50.29,19228,212.1.43.251,7935,UDP,394
2021-08-18 19:42:23,24.22.156.137,64322,185.5.12.33,21300,TCP,345
2020-08-03 19:49:20,56.34.239.40,45789,209.107.43.132,34805,UDP,1121
2021-05-17 14:36:44,89.108.35.132,2759,165.177.210.26,19731,UDP,439
2020-09-06 03:06:54,6.248.22.162,39756,25.144.121.93,47551,UDP,1345
2022-09-09 04:49:50,160.91.40.244,42813,119.123.249.168,23826,ICMP,804
2022-07-12 12:47:24,189.104.61.145,47863,26.159.206.6,50138,ICMP,1465
2023-02-04 13:12:16,123.215.242.5,4541,201.6.216.248,27535,UDP,848
2023-03-08 20:56:23,80.62.153.231,32330,144.17.66.152,16738,UDP,73
2023-11-24 19:31:40,134.84.169.106,17114,34.193.215.65,16089,UDP,537
2020-05-12 16:35:25,85.22.166.173,24165,178.111.165.79,53637,TCP,806
2021-07-15 16:42:33,107.140.58.84,28273,37.79.203.243,4931,TCP,1075
2021-09-15 21:02:35,6.131.79.108,24272,40.212.119.155,32480,ICMP,771
2023-08-07 16:51:24,45.56.14.54,46031,13.77.165.216,31860,ICMP,864
2020-11-19 13:54:16,92.36.207.173,24587,82.194.201.136,4372,TCP,1114
2023-06-07 06:02:22,216.179.195.28,65032,100.203.98.215,6028,TCP,87
2020-11-03 04:54:21,170.92.9.188,4573,161.87.65.73,51044,ICMP,325
2021-12-23 10:00:32,130.95.5.180,43266,154.86.237.226,14637,TCP,406
2022-10-15 17:11:54,143.117.50.224,11725,50.246.203.192,18144,UDP,1115
2021-01-07 17:58:11,42.79.62.29,17051,199.46.7.96,8269,ICMP,435
2021-06-08 15:19:59,212.34.115.244,34111,26.19.43.15,49079,UDP,673
2022-12-25 00:22:41,109.205.233.133,22496,111.121.163.214,44187,UDP,549
2022-09-16 18:27:46,26.108.255.66,48443,80.245.172.56,27374,ICMP,1353
2021-09-01 13:09:21,187.19.161.193,60997,136.243.134.223,62601,ICMP,400
2021-07-02 07:17:08,211.32.49.12,29951,83.18.230.250,32676,ICMP,191
2023-09-19 10:39:35,42.66.222.99,57355,122.174.76.251,46197,TCP,524
2021-09-29 06:30:55,91.89.71.64,55576,24.211.90.83,57932,ICMP,301
2021-12-30 07:34:36,126.38.239.19,60382,205.70.129.93,32938,ICMP,1424
2021-09-28 00:43:42,109.255.140.5,45290,62.5.107.86,7874,TCP,1415
2020-02-29 00:16:36,85.128.123.229,3558,40.163.17.229,54684,UDP,912
2022-04-18 01:46:59,34.53.102.103,50275,57.253.193.196,57890,UDP,1492
2023-05-03 11:35:25,12.211.15.31,24494,58.131.215.173,24557,UDP,525
2020-07-22 03:35:28,148.171.211.173,35089,132.86.76.164,59269,UDP,1004
2022-07-09 22:05:53,18.212.47.9,36545,162.37.251.178,46082,TCP,567
2022-09-18 08:43:41,72.79.51.40,36097,213.234.59.177,1024,UDP,1136
2022-12-13 13:19:17,216.44.188.180,4076,149.38.174.141,31507,ICMP,991
2023-06-19 12:18:41,133.14.7.109,50753,23.147.82.181,21468,TCP,448
2022-07-03 03:18:10,201.217.36.27,63113,108.154.246.67,48420,TCP,1390
2023-02-07 01:17:32,152.35.131.50,34123,194.185.9.205,24470,UDP,1308
2022-08-05 23:17:49,73.29.8.83,26196,25.250.202.68,13402,UDP,1488
2021-10-02 10:25:17,113.117.55.35,44790,34.3.54.164,50302,TCP,1115
2023-10-15 18:58:07,148.100.48.18,38311,139.39.29.95,53477,UDP,583
2023-04-27 04:05:51,111.178.212.185,18340,93.221.88.31,12062,ICMP,1049
2023-09-01 10:32:41,215.40.39.121,1453,181.90.186.47,20591,TCP,583
2021-03-25 20:03:02,41.229.201.105,56305,192.31.9.53,51980,ICMP,1494
2022-07-17 18:59:57,173.86.11.102,5719,174.17.40.237,35219,TCP,1214
2020-12-08 21:06:18,158.176.247.130,50854,25.125.40.230,5830,TCP,1412
2023-01-20 15:35:05,62.51.39.17,56342,92.118.122.109,65183,UDP,837
2022-02-25 23:35:19,143.26.85.195,52099,72.123.217.204,38900,UDP,72
2021-11-13 13:07:57,204.242.149.147,32599,85.220.84.0,18980,UDP,212
2021-07-13 21:20:17,105.41.219.156,26311,214.202.238.97,3400,UDP,426
2023-08-27 12:09:29,90.242.127.218,14418,153.30.163.152,35465,TCP,557
2020-02-04 07:17:23,43.147.17.40,28865,20.222.133.199,31568,UDP,1167
2023-09-24 10:01:45,70.240.107.118,12164,204.101.156.150,2105,UDP,858
2021-12-14 20:09:57,169.122.91.55,1978,78.2.84.175,44704,TCP,463
2020-06-12 06:17:27,144.25.194.65,42142,52.54.220.16,26832,UDP,1014
2022-10-28 00:15:36,163.255.96.59,2114,119.120.63.129,12539,TCP,695
2021-10-21 23:07:14,133.27.39.111,33492,56.199.228.142,7133,ICMP,335
2021-03-09 18:44:59,23.145.222.169,36497,53.118.59.58,33754,ICMP,342
2022-05-23 14:00:05,216.207.109.69,19408,93.174.185.48,20612,UDP,1033
2022-03-26 18:27:57,167.54.22.160,4001,214.112.106.219,23856,TCP,170
2020-06-03 02:27:24,42.125.163.87,16528,120.14.190.68,43252,UDP,1024
2020-07-23 12:44:50,201.146.152.34,32625,155.146.5.181,64628,UDP,523
2023-02-06 05:13:20,25.240.135.104,36934,37.211.205.105,62185,ICMP,632
2021-07-12 17:10:00,168.16.65.158,22369,215.151.222.118,21808,ICMP,1470
2020-07-16 18:05:50,185.142.57.115,50557,167.3.68.225,18608,TCP,785
2020-08-21 17:01:46,154.220.233.107,28940,19.73.153.26,25218,TCP,1343
2021-11-10 04:05:31,81.138.130.127,32967,143.153.150.39,14147,UDP,1484
2023-07-10 05:40:13,173.160.236.108,46936,168.253.192.107,25050,ICMP,707
2021-09-22 05:22:09,74.197.14.168,41037,23.177.51.209,36901,ICMP,663
2022-02-06 12:44:25,92.51.70.38,21184,138.94.246.179,29981,UDP,227
2020-08-09 02:13:23,112.9.51.63,22638,181.141.27.147,11298,UDP,343
2023-06-17 22:31:40,101.250.175.62,33178,165.69.194.99,34102,ICMP,694
2023-07-22 22:59:10,196.207.41.39,7777,144.64.214.205,32858,UDP,407
2023-12-11 17:42:15,88.163.99.32,42120,38.101.110.107,57810,ICMP,799
2022-12-17 06:58:38,26.81.80.49,49388,203.178.157.133,22845,TCP,1305
2022-09-24 07:25:25,29.197.251.217,58018,73.187.202.43,8450,ICMP,568
2023-11-20 15:38:58,100.56.198.126,62326,171.204.176.139,22561,TCP,403
2022-02-01 07:33:26,72.74.144.6,12362,104.246.129.23,46000,TCP,1060
2023-10-26 16:38:26,120.230.132.193,4697,106.247.161.147,33714,ICMP,262
2022-01-17 16:05:38,200.5.185.153,27016,10.46.51.145,26812,UDP,1146
2020-11-25 13:39:14,50.143.116.90,39588,222.209.83.91,2627,TCP,474
2020-11-26 03:35:51,186.7.133.182,14541,87.247.52.163,27534,UDP,422
2023-04-04 03:14:42,202.170.223.92,5287,174.246.252.109,35647,TCP,1191
2020-06-22 15:12:18,200.231.200.48,35577,119.202.167.71,12827,TCP,553
2021-06-22 04:38:38,35.202.255.98,57488,89.111.14.128,23445,ICMP,96
2023-08-20 13:24:15,75.4.47.158,61012,32.46.117.62,7512,ICMP,1491
2022-12-06 15:28:20,119.227.237.230,24844,111.177.15.139,42580,TCP,656
2022-02-18 04:02:43,171.65.59.157,34389,155.104.90.118,63352,ICMP,455
2022-08-06 17:58:34,195.142.209.222,59894,31.183.248.149,37000,TCP,1173
2022-11-20 14:24:05,185.40.64.229,41092,25.169.216.53,33044,ICMP,1035
2022-05-15 17:40:23,25.35.239.199,25863,220.42.210.32,45307,UDP,179
2023-04-20 08:16:25,188.11.154.234,42263,94.238.75.137,28105,ICMP,268
2021-04-23 11:41:23,34.173.148.144,29988,43.180.8.47,32958,ICMP,401
2022-04-12 21:21:36,151.234.11.235,7041,190.55.21.111,21750,TCP,646
2022-07-30 01:31:40,137.205.238.24,18795,20.135.70.95,45733,TCP,952
2022-01-27 22:56:28,45.6.22.240,46168,45.42.227.191,50138,ICMP,1071
2023-06-09 14:29:45,198.54.39.54,42929,129.216.88.19,37316,ICMP,167
2020-10-15 02:51:29,70.201.11.154,26125,176.72.190.25,31907,UDP,1181
2023-07-17 00:46:53,149.30.113.138,64537,75.233.241.206,50689,TCP,729
2023-01-22 07:07:44,180.176.77.35,42363,101.138.30.187,16169,TCP,541
2020-08-06 04:12:32,14.174.233.4,63027,220.242.117.150,51646,ICMP,393
2021-06-27 23:19:38,77.218.53.130,43159,88.198.155.18,27304,UDP,388
2021-04-22 04:16:45,77.58.225.188,39099,2.105.182.116,60595,ICMP,406
2021-11-26 02:13:12,202.140.5.103,34754,221.204.116.255,30821,TCP,1477
2023-09-18 06:06:08,171.85.96.58,52681,81.4.216.64,58846,ICMP,1172
2020-08-20 21:41:29,142.128.188.26,65058,71.177.157.102,5267,ICMP,1166
2023-06-05 20:50:24,17.94.117.14,18240,18.69.242.192,39393,TCP,170
2021-07-28 03:21:45,150.83.43.110,34531,45.9.239.235,1519,ICMP,461
2021-11-27 16:02:16,169.185.162.210,62511,26.42.210.167,1891,TCP,450
2021-05-06 18:24:06,81.213.19.149,64931,8.77.249.33,45478,UDP,917
2020-03-02 08:11:55,17.118.78.18,50534,175.82.211.154,21160,TCP,922
2021-05-07 12:21:25,58.10.164.184,58415,81.205.175.102,56418,TCP,991
2021-06-14 09:25:58,162.38.187.117,63138,49.213.81.82,47309,TCP,480
2020-09-13 10:05:57,73.69.100.248,62704,13.203.65.238,64839,TCP,1494
2022-10-11 04:32:27,121.150.60.239,2791,54.137.196.63,12505,TCP,1170
2021-09-30 22:08:12,134.130.149.174,25513,208.191.222.89,34561,TCP,188
2020-12-14 18:32:04,54.118.215.200,33635,118.213.166.185,57372,TCP,1391
2022-10-05 03:22:03,110.232.153.83,53623,15.69.140.108,20977,UDP,253
2023-05-22 02:17:22,39.3.89.193,47441,196.33.44.9,64226,TCP,973
2021-05-18 19:41:42,154.23.134.183,21275,199.184.87.28,54195,TCP,774
2023-09-30 13:03:26,34.231.158.29,53377,131.53.226.34,45055,TCP,448
2023-08-31 04:54:26,143.244.216.165,54456,182.193.247.103,31677,UDP,884
2023-05-01 09:07:39,175.132.71.136,39978,26.209.23.211,2150,UDP,554
2021-03-10 02:12:36,105.175.198.26,22215,196.160.229.250,44796,UDP,607
2023-05-31 19:01:12,38.116.92.101,9240,60.76.168.186,58108,TCP,702
2020-07-08 21:20:35,153.105.156.134,41745,57.48.253.251,25990,TCP,1080
2023-10-05 02:45:02,27.86.127.63,35384,99.113.26.137,47255,UDP,1460
2021-03-29 14:10:23,14.130.9.52,2397,160.135.5.69,19141,TCP,129
2020-02-25 08:46:07,201.16.186.166,62217,137.119.37.17,22563,ICMP,328
2022-01-08 23:32:30,134.104.151.157,52637,18.157.206.94,55747,UDP,187
2023-03-05 07:35:35,82.12.141.164,4658,78.153.138.74,32788,ICMP,681
2023-01-03 19:56:33,21.36.97.137,1030,18.236.68.14,15687,TCP,933
2021-12-04 01:12:33,34.59.92.138,15652,32.72.72.103,18032,TCP,769
2020-01-02 07:45:46,214.50.114.130,42358,99.78.73.20,55295,UDP,631
2020-05-17 20:57:59,109.250.58.209,29531,37.192.122.33,3840,UDP,222
2020-04-28 15:36:59,31.230.89.212,14249,156.176.60.242,63435,TCP,607
2022-05-30 18:45:40,13.69.249.51,55565,210.42.191.182,2319,ICMP,1359
2023-05-11 08:07:21,152.50.89.132,54470,40.73.5.115,23447,UDP,947
2020-03-15 17:52:40,211.116.199.19,64145,88.36.139.22,45092,UDP,503
2020-06-13 21:22:08,82.156.85.143,53116,80.44.18.18,38057,UDP,146
2023-12-10 09:37:38,31.66.212.77,30145,11.213.140.159,15831,ICMP,101
2023-08-17 16:45:30,77.99.16.61,56891,54.225.73.9,52770,UDP,1080
2020-10-30 02:30:00,98.207.185.209,21775,103.87.198.123,38042,UDP,508
2022-04-30 08:53:41,174.144.88.74,10364,203.154.76.1,5145,ICMP,1043
2022-04-04 00:12:02,66.228.212.11,10690,188.245.36.242,25601,TCP,829
2021-08-10 18:29:18,168.125.163.9,11664,20.44.240.88,45135,TCP,975
2023-05-25 08:13:51,165.234.137.98,10395,133.28.195.140,1240,ICMP,542
2023-07-26 23:57:39,163.167.51.43,46812,154.158.185.28,36153,UDP,1135
2021-11-22 03:51:01,81.64.13.185,58873,189.32.104.65,22688,UDP,389
2020-06-10 22:04:00,66.229.67.188,24319,52.164.133.204,30860,TCP,905
2021-01-01 16:34:36,85.207.44.197,51990,12.247.120.9,45730,TCP,1497
2021-01-16 16:09:17,6.194.85.97,31036,18.193.195.25,50213,UDP,1475
2022-11-08 14:27:14,146.60.155.153,34313,202.201.103.113,12586,UDP,1241
2020-05-10 10:30:25,169.103.227.138,59050,187.39.171.172,42316,UDP,1316
2022-02-11 11:53:04,221.79.94.18,12606,64.163.24.143,51575,TCP,1222
2020-07-18 10:04:57,75.199.202.37,22720,74.11.101.0,40292,TCP,776
2021-05-15 02:44:20,12.206.110.39,1240,28.37.60.47,23059,ICMP,1025
2020-09-02 18:15:06,76.234.126.59,5744,159.177.229.237,9063,TCP,1439
2023-04-29 16:37:09,79.187.197.162,6680,202.14.132.93,14176,ICMP,667
2020-11-09 21:43:17,173.1.103.223,11496,116.57.28.92,63478,ICMP,285
2022-06-14 22:27:18,55.209.42.223,54634,220.165.73.118,36678,UDP,585
2023-09-19 20:17:28,211.121.62.250,27479,95.178.98.208,16107,ICMP,714
2020-05-16 17:42:40,139.82.213.65,59714,162.212.135.88,30826,UDP,933
2021-04-11 21:40:23,6.142.44.65,24526,19.156.106.20,22559,TCP,621
2020-08-21 07:17:47,201.43.115.81,8494,113.112.242.77,55863,ICMP,257
2021-12-12 18:11:40,8.100.160.59,54932,163.33.211.67,8207,UDP,442
2022-06-11 06:08:14,42.182.149.181,15052,147.218.253.44,20492,TCP,396
2023-11-15 23:56:21,77.7.209.199,62578,82.43.173.228,22314,TCP,1259
2020-07-06 15:13:38,111.132.181.200,32176,121.196.213.211,36672,UDP,1040
2020-08-28 00:17:01,134.184.245.120,36631,158.254.174.72,21403,TCP,830
2020-07-16 03:40:20,70.61.175.159,8088,198.61.30.26,26142,UDP,832
2021-12-04 11:59:56,16.205.184.96,27438,188.247.77.198,24743,ICMP,131
2020-08-04 02:32:29,102.182.222.115,65078,10.226.44.53,4342,UDP,1235
2022-08-13 07:45:17,113.83.189.161,48351,168.250.185.61,9423,UDP,434
2021-09-17 00:37:17,140.140.111.222,46677,220.108.92.248,60151,UDP,470
2020-04-09 22:18:22,164.122.29.138,30103,214.231.103.19,65385,UDP,890
2023-05-17 12:37:02,39.89.104.18,36444,7.230.12.87,12545,TCP,290
2022-10-24 21:12:38,74.224.63.35,18566,69.246.70.37,55998,ICMP,966
2022-02-22 19:04:35,171.130.54.191,59707,137.177.254.0,50867,TCP,879
2023-10-03 02:14:13,211.217.179.83,64617,191.173.177.66,45999,TCP,583
2020-07-16 06:33:32,107.14.232.73,49448,104.116.225.114,37784,TCP,1288
2022-02-25 21:48:18,188.230.105.216,5444,197.187.112.142,58701,TCP,383
2022-04-04 00:09:06,70.61.101.172,30183,16.6.198.163,45152,ICMP,136
2021-05-13 22:25:46,103.242.221.22,56184,53.227.34.88,18335,TCP,611
2020-01-12 19:24:51,88.91.110.212,32944,7.6.75.55,32735,ICMP,373
2020-03-24 13:10:47,84.103.84.160,13637,96.179.40.192,9935,ICMP,529
2022-05-24 02:28:13,115.197.88.195,60958,51.204.121.126,53423,UDP,709
2023-05-24 21:31:57,117.168.110.47,3513,86.124.68.214,39829,TCP,630
2020-10-18 05:18:37,10.194.240.11,56202,63.38.24.248,44340,TCP,92
2023-06-23 15:11:46,84.4.47.206,40698,139.150.101.198,38000,ICMP,1302
2022-03-08 07:00:03,136.96.22.169,7138,125.55.232.207,60225,TCP,1149
2021-01-24 14:32:59,27.212.205.73,10459,10.89.249.246,25788,UDP,1366
2021-04-11 13:40:50,129.103.83.86,42251,7.183.158.243,15506,TCP,390
2023-10-22 17:51:59,204.16.23.92,47850,112.32.245.178,43520,TCP,669
2022-07-19 10:20:31,165.156.146.174,22368,207.233.226.167,41575,UDP,517
2020-08-16 03:21:05,78.53.59.98,29897,94.111.104.14,31635,ICMP,245
2023-07-01 09:45:17,153.35.110.174,27833,211.139.247.19,30901,UDP,759
2021-10-19 12:44:31,151.60.43.46,21751,35.15.133.92,39113,TCP,1495
2021-02-01 13:42:08,63.210.209.20,50388,9.87.158.19,22719,UDP,770
2020-07-11 16:06:35,58.183.255.149,22721,161.117.160.87,31200,UDP,1215
2020-02-01 01:19:30,20.182.162.167,47888,110.38.88.211,13125,TCP,322
2020-10-17 04:31:58,197.3.180.164,46366,45.101.33.49,5952,TCP,712
2021-04-08 11:35:35,16.174.103.216,18562,134.16.14.27,33463,ICMP,77
2023-07-23 11:28:53,178.253.135.219,31679,111.81.240.231,20976,TCP,980
2023-11-26 12:38:41,6.47.111.207,27697,217.142.144.121,31673,ICMP,1135
2022-04-08 17:31:34,134.3.58.115,29932,107.108.47.126,9000,UDP,445
2021-04-20 08:32:55,44.245.250.58,4681,43.213.101.186,44532,ICMP,1232
2023-05-05 01:19:57,165.187.88.247,27305,151.248.121.151,21211,TCP,1267
2021-04-11 18:13:13,62.124.104.116,32988,32.1.197.41,7847,TCP,1028
2021-02-27 04:09:37,201.182.141.168,22179,216.5.95.63,53189,UDP,326
2020-04-26 05:47:05,16.225.107.84,65147,192.128.188.77,57504,ICMP,1286
2023-11-27 06:51:26,59.37.206.182,57794,23.47.104.0,7342,ICMP,325
2021-08-25 03:04:32,213.81.5.118,15414,6.219.176.227,58780,UDP,362
2023-06-27 19:49:37,6.6.38.99,30700,75.10.118.246,39010,UDP,524
2020-11-03 09:34:25,5.248.94.113,31650,212.0.95.7,63197,ICMP,688
2022-05-06 17:14:27,90.42.244.105,7003,4.42.14.78,52293,UDP,834
2021-03-17 08:57:10,122.154.203.153,6257,38.122.199.51,52439,TCP,1186
2020-11-02 14:06:56,73.78.101.246,49236,90.200.157.188,51215,UDP,932
2022-11-17 18:21:27,66.79.141.10,53562,167.178.29.100,40877,UDP,865
2020-02-15 07:04:06,125.77.48.133,29284,125.107.226.214,23480,UDP,1059
2020-12-28 05:22:07,27.211.198.174,41765,91.223.133.179,8728,TCP,706
2021-05-08 11:27:28,146.35.223.6,57105,137.202.34.177,29125,TCP,1450
2023-03-21 12:21:50,18.203.211.231,25772,104.201.200.43,6979,ICMP,148
2021-08-05 05:24:42,167.170.96.147,61005,195.149.1.65,54991,ICMP,1136
2020-08-27 15:59:11,186.59.76.230,2579,62.228.17.62,14247,TCP,1500
2020-01-03 23:07:54,115.172.214.47,5705,82.234.94.24,51703,UDP,857
2022-03-17 06:41:40,63.55.118.28,27970,190.89.23.0,1732,TCP,1290
2023-09-11 17:40:58,28.228.128.20,61297,37.23.37.248,48199,UDP,939
2021-12-04 11:51:39,99.116.182.34,45799,203.25.219.208,65028,UDP,247
2022-11-27 04:01:18,162.39.67.223,37626,213.182.123.255,4020,ICMP,1308
2022-04-22 22:07:18,221.133.227.164,54026,187.165.196.166,65353,ICMP,1009
2023-08-05 02:34:20,112.161.122.216,17748,125.98.64.200,40589,TCP,836
2022-06-01 23:15:32,82.91.113.218,46081,27.220.140.244,56832,TCP,1195
2020-10-29 19:34:19,103.99.83.67,16589,115.165.44.124,56932,ICMP,1230
2023-01-03 04:15:15,146.189.94.168,39670,104.102.27.191,5609,TCP,392
2020-04-04 22:27:31,119.236.103.30,50236,184.136.32.119,57085,ICMP,976
2022-10-20 11:37:25,177.207.125.17,29936,102.57.21.202,16084,TCP,799
2020-07-31 01:47:38,219.185.43.194,52400,108.126.139.223,14610,UDP,1021
2021-06-19 21:39:22,72.12.39.53,55311,113.170.137.138,26210,TCP,954
2022-03-17 04:34:14,148.101.153.29,62989,197.48.146.32,7603,TCP,919
2020-01-02 00:08:03,134.108.233.135,31806,3.184.23.102,4406,UDP,1435
2023-08-29 14:20:28,173.163.94.176,20671,204.218.65.211,11086,ICMP,1041
2022-02-24 05:30:24,168.198.139.6,8703,200.47.231.164,22813,UDP,451
2023-03-19 13:01:41,145.137.216.85,6957,80.178.249.21,25138,ICMP,1179
2022-03-14 16:16:39,8.41.247.22,24326,49.61.73.93,8086,TCP,1210
2023-01-27 10:45:58,42.183.37.173,14990,27.55.165.144,20625,UDP,597
2023-01-17 00:15:40,74.246.135.201,36556,94.86.228.56,57952,TCP,1054
2023-07-06 21:03:16,131.148.255.162,18247,90.239.234.26,26063,UDP,847
2020-08-31 00:06:35,168.170.15.75,47977,220.175.93.137,60515,ICMP,281
2022-02-17 18:07:07,192.142.75.62,27417,23.182.245.38,9335,ICMP,702
2021-08-02 01:40:56,210.227.66.110,56657,213.80.203.66,31062,TCP,911
2023-03-07 00:42:22,156.5.75.59,44880,63.207.235.142,4869,TCP,1014
2021-09-30 00:59:47,69.211.152.219,11495,223.150.24.189,1714,TCP,580
2020-06-15 09:07:31,93.148.156.59,45913,92.129.28.19,26775,UDP,92
2020-11-07 02:33:05,42.255.234.111,7083,35.25.154.222,28218,UDP,1471
2021-04-15 12:41:49,162.73.115.64,14125,165.189.21.100,47802,ICMP,398
2023-05-13 15:24:41,159.93.143.95,31634,128.162.202.94,61623,UDP,721
2022-03-06 04:04:22,56.223.146.38,16188,20.122.15.217,21930,ICMP,158
2021-10-07 11:22:58,19.57.154.67,23255,63.79.105.91,47276,TCP,1213
2021-10-22 03:35:14,188.164.78.207,20656,222.160.219.146,44637,ICMP,364
2022-01-23 10:51:47,199.220.164.90,54492,128.96.192.160,11770,ICMP,154
2021-12-19 10:17:01,11.92.65.210,9282,88.105.15.40,46094,UDP,1263
2022-12-19 02:42:20,195.170.78.29,24541,217.6.186.13,28119,TCP,276
2023-11-05 15:20:43,83.104.189.216,35864,126.156.76.94,46058,UDP,1401
2021-10-14 14:57:32,30.75.34.49,36903,15.116.56.26,33022,TCP,1435
2023-04-28 00:47:34,185.201.32.57,59520,183.237.52.243,8821,UDP,205
2020-08-23 22:30:24,218.145.5.68,32907,87.122.37.65,49489,ICMP,1086
2022-12-27 21:15:37,221.26.128.110,53152,214.21.110.72,53348,TCP,562
2023-06-07 18:44:46,107.8.189.171,22208,161.176.13.10,27082,TCP,785
2021-04-06 20:09:56,220.123.235.176,7179,55.24.103.166,45933,ICMP,105
2021-06-12 19:18:08,160.80.238.255,60983,75.159.153.60,15811,ICMP,601
2022-08-01 13:22:07,39.12.174.211,45604,29.2.205.199,7083,UDP,1045
2022-04-26 17:53:51,183.184.228.193,45005,193.146.120.58,49721,TCP,225
2021-01-04 01:09:36,5.192.16.26,22146,13.83.34.153,61316,TCP,857
2023-02-24 23:17:47,66.192.181.246,49025,46.122.43.213,50788,TCP,521
2023-06-11 09:55:58,193.82.232.23,11811,159.246.95.107,17060,UDP,497
2020-10-29 10:37:24,119.151.62.179,50803,15.207.50.166,3131,TCP,775
2020-05-16 23:21:54,67.74.50.228,45715,63.34.188.117,9951,UDP,882
2022-11-05 02:13:39,201.8.160.137,12397,84.147.107.194,3299,TCP,950
2022-10-10 04:29:40,63.79.156.32,56487,199.130.7.48,51101,TCP,768
2022-10-03 12:42:57,80.252.180.232,13950,54.44.146.215,64534,UDP,838
2020-01-19 07:02:41,33.219.133.2,14493,220.215.78.60,39114,TCP,1442
2022-08-23 03:05:27,30.191.167.34,15786,37.99.236.96,25855,ICMP,256
2021-06-15 10:38:35,113.83.54.198,27848,77.199.11.68,6016,TCP,1323
2021-05-22 21:03:15,88.149.26.128,18790,56.165.80.98,25787,ICMP,452
2022-08-04 12:12:22,115.118.228.208,25163,147.19.58.90,10127,UDP,379
2022-06-19 08:40:09,186.237.197.223,36833,212.11.189.75,40040,ICMP,1053
2021-01-22 17:53:39,163.212.103.224,33855,117.65.237.224,20043,UDP,1485
2021-07-28 11:54:50,155.185.143.141,17041,164.167.72.150,9921,ICMP,1106
2023-03-15 09:55:28,176.74.119.250,16787,117.142.124.56,28215,ICMP,989
2020-07-27 08:59:58,215.178.224.87,4009,167.217.40.252,56685,TCP,1362
2021-12-13 18:29:43,169.187.211.246,50932,88.94.178.52,18814,UDP,202
2020-07-12 08:21:55,123.141.161.75,6514,177.9.234.161,40889,TCP,1133
2022-06-20 10:52:05,148.221.243.96,29948,72.2.199.171,6000,TCP,844
2023-09-29 14:18:04,208.167.119.179,53415,77.47.14.158,11609,TCP,1152
2023-10-20 18:27:51,39.171.222.9,34713,95.48.75.19,43734,TCP,110
2023-09-24 23:21:12,174.169.237.26,40303,98.189.33.22,61731,TCP,729
2021-04-02 06:59:24,111.97.109.187,18647,89.179.238.195,51693,TCP,1239
2021-08-11 03:52:41,167.67.111.81,64961,30.164.218.1,39762,TCP,1293
2022-08-09 03:35:19,207.97.248.66,3018,22.27.243.248,11191,UDP,807
2020-01-19 01:24:29,4.10.169.193,39965,122.243.62.247,62368,UDP,544
2022-04-18 22:16:53,203.36.189.203,49012,111.47.214.145,54492,UDP,1482
2022-04-03 07:24:27,13.61.192.59,46586,58.103.122.149,2447,TCP,963
2023-08-02 12:11:07,132.195.160.222,46075,145.208.22.66,29094,UDP,525
2020-11-13 02:06:07,81.9.125.101,28400,17.68.230.247,60010,ICMP,1224
2020-06-24 20:10:19,35.148.247.40,15365,42.46.55.51,5392,UDP,983
2023-02-21 14:58:51,146.96.109.192,58499,53.177.29.30,50529,UDP,208
2021-12-14 04:14:53,111.184.86.49,20204,213.223.57.161,35107,UDP,957
2020-09-22 09:10:26,164.15.125.251,4823,27.35.101.175,11907,ICMP,502
2021-06-23 22:53:28,217.254.124.21,1603,196.75.116.34,14465,UDP,733
2020-05-19 14:09:51,72.134.31.197,14584,164.166.49.150,33668,ICMP,711
2022-05-22 20:33:19,116.20.77.241,1159,206.104.61.11,33171,ICMP,1248
2023-10-09 23:46:04,63.140.221.67,62538,97.187.247.53,51494,TCP,1267
2021-01-25 23:05:34,147.66.224.157,13236,166.21.219.235,63020,ICMP,1195
2022-12-03 08:29:54,16.175.73.15,48362,192.175.49.10,43047,TCP,143
2022-08-29 02:41:41,219.113.125.74,51671,167.153.29.97,47686,ICMP,396
2020-10-21 16:11:36,163.207.0.232,1902,203.202.168.76,20642,UDP,164
2022-03-21 08:40:55,204.182.43.75,51223,48.88.178.9,16443,TCP,223
2020-05-09 06:29:05,108.247.147.213,3691,83.248.64.60,38544,UDP,700
2021-07-25 12:44:27,5.68.36.144,20697,198.224.24.181,52740,UDP,321
2023-07-07 04:27:17,182.178.149.215,37717,176.19.30.189,8680,UDP,697
2020-09-01 20:25:31,94.182.1.229,52100,12.240.252.57,65526,ICMP,487
2020-11-01 03:35:28,74.111.104.148,4369,95.191.64.95,56745,UDP,1114
2022-10-15 02:33:33,26.188.138.232,49384,190.146.152.0,28416,ICMP,614
2022-10-30 09:03:39,47.178.30.101,55887,137.148.217.118,55391,TCP,1328
2020-07-04 08:56:01,140.3.122.255,31442,207.211.172.117,58913,ICMP,508
2021-06-14 22:45:05,105.34.19.44,21913,198.110.15.178,53244,TCP,972
2021-05-11 22:14:07,77.14.248.83,28020,1.242.44.128,15501,UDP,166
2020-10-28 20:56:22,20.197.155.226,63236,186.2.226.42,22475,TCP,433
2022-02-27 17:45:18,223.224.0.212,25924,184.168.6.54,34892,UDP,1309
2021-04-15 23:01:57,158.129.132.254,62246,182.3.24.172,40212,TCP,546
2020-06-09 00:59:05,191.13.131.110,6916,130.157.152.135,52550,UDP,369
2022-05-16 20:07:25,45.132.114.93,10714,113.251.183.189,47009,ICMP,273
2020-06-25 18:28:50,61.236.173.125,58911,113.135.185.127,39636,UDP,1221
2023-05-19 14:05:09,169.14.198.28,43198,3.232.248.128,20909,UDP,387
2021-04-28 11:18:43,204.130.223.242,18745,20.114.254.233,36447,ICMP,621
2022-06-02 23:35:13,22.17.219.111,20086,203.9.144.68,34538,UDP,1152
2022-11-01 11:12:43,25.227.74.230,6119,132.171.108.214,21561,UDP,1190
2022-08-12 22:45:46,94.185.10.135,10171,2.183.215.1,38420,UDP,436
2023-09-07 02:10:38,211.175.254.210,38975,125.180.56.209,15718,ICMP,1203
2020-03-12 12:32:50,155.163.70.243,25005,212.228.31.31,12377,TCP,462
2022-09-17 01:43:24,147.214.163.31,21932,68.225.140.245,39831,UDP,908
2020-11-09 13:19:38,192.184.14.207,2278,15.212.44.77,64754,UDP,744
2023-07-28 02:27:49,8.2.140.170,56963,196.109.214.69,47519,TCP,1197
2023-08-02 03:27:40,117.151.109.112,4285,183.183.128.135,40466,ICMP,228
2021-09-12 14:49:54,9.193.250.85,24653,202.63.184.165,61414,UDP,1392
2022-04-10 07:15:48,136.169.163.254,47065,41.105.218.109,57570,UDP,1161
2023-01-27 19:14:54,17.77.164.84,62836,43.110.48.20,62032,TCP,1364
2022-12-23 04:52:49,13.85.134.0,48801,183.33.146.149,11442,TCP,644
2020-11-15 08:06:21,75.37.17.232,27527,143.39.239.136,8850,TCP,1204
2021-10-30 03:05:17,88.200.29.114,5683,196.66.229.33,11181,TCP,547
2021-01-07 15:00:11,186.55.185.209,5218,11.190.79.145,9238,UDP,307
2021-09-22 16:44:18,158.109.227.52,49807,44.95.165.24,49809,ICMP,540
2020-06-03 23:06:34,65.187.116.202,45437,77.92.97.109,20860,TCP,1103
2022-09-08 15:27:36,30.48.144.253,59688,97.242.146.33,56758,ICMP,1145
2020-05-01 13:45:12,55.195.82.5,47713,138.58.191.19,3105,ICMP,84
2022-04-02 22:13:34,46.86.214.149,3441,94.79.250.55,45764,UDP,613
2023-08-16 17:42:05,211.140.197.200,33030,173.59.194.122,7176,UDP,1386
2021-12-14 00:18:38,199.246.84.150,43872,98.119.101.67,48396,TCP,805
2020-05-19 00:17:37,112.230.171.235,37249,126.247.5.201,29849,UDP,993
2023-12-11 21:51:37,82.242.132.219,49877,67.179.204.69,18958,ICMP,1489
2020-11-08 14:36:52,220.204.28.251,39637,213.8.58.215,27582,TCP,82
2023-12-22 21:55:51,103.108.244.71,32265,193.43.31.130,61992,TCP,1374
2020-05-22 03:51:25,214.1.162.172,52438,90.229.185.170,49718,TCP,429
2022-08-03 08:58:34,175.113.106.51,29456,94.154.7.60,41186,ICMP,665
2023-10-21 22:40:21,185.55.163.88,59713,85.208.167.64,36888,ICMP,1497
2022-08-13 21:51:11,89.242.29.15,51470,89.34.174.91,29261,TCP,368
2022-01-17 11:16:36,122.114.114.131,43785,60.58.51.153,29346,ICMP,835
2023-08-10 07:31:09,96.53.60.62,9226,167.56.130.7,10137,TCP,224
2023-02-05 21:35:41,60.39.184.132,55149,188.26.200.135,2223,UDP,410
2021-02-24 11:16:19,56.221.237.68,36782,72.156.107.44,58173,TCP,655
2021-06-02 10:58:21,166.212.105.109,44634,91.94.63.91,20568,ICMP,300
2021-01-13 21:41:15,93.238.195.36,25860,19.181.98.34,49403,TCP,1494
2020-05-03 12:06:55,180.75.95.66,14808,45.114.129.118,16910,UDP,1410
2021-06-29 20:26:44,202.228.60.160,38799,27.225.181.11,40338,TCP,878
2023-11-22 18:01:37,54.137.22.248,36837,183.26.10.154,11410,UDP,1189
2020-02-14 16:38:40,44.211.46.22,61736,27.223.41.47,26407,TCP,1439
2022-03-30 09:15:24,189.242.66.54,48989,212.8.14.26,58805,ICMP,1439
2021-04-07 03:16:49,95.130.184.177,41608,9.21.185.168,64948,ICMP,150
2022-10-30 16:01:44,58.174.222.235,45446,173.196.144.239,2163,TCP,1425
2023-05-11 23:16:40,150.132.230.62,57991,125.89.9.234,23989,UDP,1226
2023-09-23 05:07:10,201.248.57.115,33222,22.89.242.25,34802,TCP,555
2023-04-24 18:00:42,173.86.91.24,42773,55.222.38.30,60525,UDP,532
2020-04-25 00:34:30,38.107.91.236,51759,206.131.237.109,16176,ICMP,268
2022-06-15 02:08:18,106.205.84.103,21990,8.25.162.143,39507,ICMP,1178
2021-10-31 07:36:01,46.155.202.18,20823,23.222.218.43,60448,TCP,192
2020-11-27 13:36:25,144.54.251.238,42558,176.253.46.129,50725,UDP,1278
2023-07-27 12:05:26,53.236.230.132,49609,89.130.85.92,41296,TCP,310
2020-06-18 20:58:33,217.106.95.168,51703,50.225.194.66,52159,ICMP,815
2023-08-29 04:06:08,34.17.17.119,45831,168.41.67.12,26952,TCP,693
2021-02-19 02:46:08,145.225.60.152,30866,210.175.207.157,9498,ICMP,1488
2022-12-06 18:30:15,63.11.232.80,35084,85.210.104.84,11689,UDP,932
2020-01-29 01:15:56,207.28.43.249,53661,153.245.113.237,32149,UDP,1145
2021-05-17 09:25:50,172.3.160.21,54324,35.213.95.87,11091,UDP,1167
2023-02-02 21:48:06,99.118.59.64,9012,42.99.121.21,39456,ICMP,1270
2021-10-19 12:11:30,150.154.208.113,28280,28.31.220.242,12277,UDP,1348
2022-04-14 20:01:53,119.212.156.5,52565,177.94.56.250,32793,UDP,1188
2021-09-12 00:15:44,55.99.175.28,41032,77.123.140.77,17346,TCP,140
2021-07-08 11:35:14,17.122.75.230,15768,73.195.80.100,31731,TCP,297
2021-01-14 14:04:36,21.250.93.89,13907,115.90.94.83,53413,TCP,247
2023-04-24 20:44:16,161.69.41.22,1440,204.98.177.10,10696,UDP,936
2023-03-02 08:30:19,6.239.159.95,65445,174.213.216.39,14339,UDP,1354
2021-10-04 09:31:23,15.122.177.199,23513,162.0.101.71,8934,TCP,323
2023-01-27 06:57:36,221.128.8.70,44617,188.133.211.196,2788,TCP,1070
2023-10-06 10:17:10,134.239.98.40,23963,65.117.117.3,53845,ICMP,325
2021-10-20 12:47:11,21.219.252.142,49982,39.67.30.210,11442,TCP,1301
2022-07-09 08:30:00,189.237.147.235,47108,189.157.120.196,54744,TCP,950
2023-03-09 12:41:05,176.101.122.8,64007,21.168.130.53,24215,ICMP,1043
2021-08-01 18:00:28,178.169.36.246,38355,177.114.97.68,9587,ICMP,768
2023-11-09 14:42:53,187.97.61.146,64740,62.93.203.239,25744,TCP,88
2022-02-28 02:50:33,81.106.78.39,62970,176.63.184.59,49620,TCP,844
2023-04-09 02:03:44,154.70.86.47,29789,223.90.67.206,39757,UDP,1335
2023-09-03 00:13:58,22.36.245.70,46586,121.111.113.134,27016,TCP,757
2023-09-22 05:57:52,51.16.122.202,20925,122.98.26.118,54113,UDP,405
2021-01-11 06:25:22,59.175.45.18,44344,157.190.62.169,33793,TCP,428
2023-12-05 05:43:34,48.131.5.222,21645,67.188.23.85,34754,UDP,906
2020-01-11 16:21:51,166.17.77.187,14916,172.232.81.131,1950,TCP,500
2022-05-15 15:30:48,39.27.193.202,63368,104.217.195.190,55428,TCP,1233
2022-05-23 13:56:01,202.134.104.78,30888,28.134.144.34,55350,ICMP,166
2021-08-14 17:36:26,210.23.31.148,12407,122.135.163.136,62566,ICMP,810
2021-05-19 05:42:02,199.95.40.208,5659,92.9.220.119,34696,TCP,307
2023-01-25 13:29:22,194.220.148.247,22905,18.41.40.105,43526,UDP,598
2023-03-09 05:35:21,204.234.126.60,4114,134.142.249.24,60703,UDP,583
2023-05-28 00:58:52,126.57.0.90,19604,56.115.193.112,60681,TCP,729
2021-11-23 20:58:24,193.93.81.204,20831,179.83.231.79,63381,ICMP,1251
2023-10-22 03:13:13,162.112.101.161,6195,113.84.240.189,11072,UDP,383
2022-01-24 03:41:36,213.12.148.242,34829,179.97.55.52,4745,UDP,1301
2021-02-11 11:02:12,40.143.151.247,2177,174.115.2.19,53595,ICMP,1302
2020-09-25 00:35:57,148.179.255.14,42329,66.238.150.64,64463,UDP,1306
2022-01-14 06:25:09,74.185.188.42,16842,33.70.247.230,42152,TCP,1457
2023-02-22 01:15:28,102.251.70.175,24870,208.10.229.58,24386,ICMP,955
2022-08-09 05:27:57,200.126.192.79,23037,47.11.90.107,56822,UDP,1342
2021-11-06 02:47:02,215.117.77.80,63795,39.15.5.232,40666,TCP,1448
2020-05-17 12:57:17,159.187.241.84,42348,208.29.30.76,11303,TCP,1091
2023-02-13 18:19:41,93.84.48.76,28112,7.120.231.218,30758,TCP,1202
2023-06-23 03:30:44,30.178.140.167,23018,40.248.39.247,17077,TCP,421
2020-03-10 12:55:44,216.40.211.198,24630,200.115.60.84,27876,UDP,610
2023-04-19 05:20:59,59.150.155.224,59591,136.243.10.43,42382,UDP,1321
2023-04-29 00:46:55,8.152.101.15,30471,30.51.7.203,8248,TCP,1016
2020-09-05 17:33:33,70.151.239.170,41432,50.45.90.105,61308,TCP,962
2020-03-14 07:22:33,58.88.159.227,3984,143.22.254.27,27997,TCP,667
2020-01-12 22:02:23,134.146.221.130,32855,189.172.200.150,11342,TCP,1263
2022-09-09 05:04:56,156.40.71.102,19322,190.46.14.93,60521,UDP,216
2021-05-11 20:51:02,169.76.74.170,9564,188.105.85.166,22497,TCP,639
2020-10-18 12:56:55,130.35.27.44,34156,162.36.5.71,41346,ICMP,1451
2020-03-13 01:17:50,188.41.158.194,8498,129.196.219.9,44138,UDP,999
2023-01-01 07:04:47,87.172.91.189,44303,95.55.86.242,1113,TCP,725
2022-06-24 06:19:04,198.222.80.187,4078,212.45.115.171,12368,UDP,184
2023-12-09 22:53:48,13.154.49.7,44382,29.197.91.18,47280,UDP,1496
2020-03-12 06:16:48,20.77.186.198,51460,118.169.20.21,43980,UDP,1217
2020-08-13 18:29:28,17.182.208.205,7521,79.214.67.53,40044,ICMP,356
2022-03-18 00:43:01,38.40.3.8,19684,20.173.222.49,17882,TCP,1117
2023-02-21 00:36:41,140.40.25.146,36082,125.21.199.36,44688,TCP,144
2022-01-24 16:23:25,39.31.10.157,20133,158.137.153.48,18032,TCP,266
2021-08-06 19:10:20,19.22.27.183,6560,151.225.75.182,15077,UDP,479
2022-07-20 16:49:17,151.211.69.70,32456,141.98.251.120,17797,ICMP,816
2023-05-09 05:08:59,59.237.132.131,27728,154.222.125.242,30679,UDP,663
2022-05-01 02:40:08,115.117.140.118,15597,185.59.35.209,25102,ICMP,1192
2021-06-14 14:04:51,3.91.149.118,22271,47.133.244.220,21267,UDP,253
2023-12-15 04:22:25,161.224.124.255,20880,18.182.121.134,63769,ICMP,1336
2022-01-23 01:44:01,175.220.239.96,19820,205.218.225.151,16526,TCP,502
2022-04-15 01:42:48,81.131.39.192,30841,176.225.11.170,30932,UDP,189
2022-10-10 09:17:54,72.137.105.131,44332,11.195.54.84,42752,ICMP,173
2021-11-17 20:38:34,14.62.230.63,3862,139.103.31.160,39987,TCP,759
2023-04-14 20:24:03,112.164.230.66,19758,2.48.36.12,44302,TCP,1108
2022-09-26 22:41:20,69.115.251.250,2193,121.89.54.93,54331,TCP,1387
2023-06-20 22:19:16,26.167.98.17,5607,117.112.145.68,54949,ICMP,134
2022-05-19 18:18:12,148.145.5.145,37969,209.255.16.132,7064,ICMP,1450
2020-10-27 02:55:15,58.129.70.127,48061,137.221.251.59,9647,ICMP,710
2021-07-08 15:22:35,151.18.55.239,19277,195.142.24.62,18667,TCP,1400
2021-01-13 15:46:44,152.225.254.179,11234,118.103.210.14,47828,ICMP,1270
2023-06-14 01:50:48,137.62.22.62,11664,67.99.91.14,24627,ICMP,742
2022-01-29 18:43:48,77.146.131.127,21077,186.198.127.198,63609,TCP,1287
2021-06-17 19:03:23,201.141.83.203,31292,163.95.230.92,2634,UDP,533
2023-02-21 17:54:46,182.55.188.5,60984,196.106.176.207,39012,UDP,896
2020-02-20 20:28:10,124.111.221.99,19232,209.49.98.141,8705,UDP,170
2022-10-05 05:25:14,112.225.106.57,40811,5.64.135.65,58474,TCP,1380
2021-02-26 14:46:20,110.113.190.153,19808,33.68.56.30,42510,UDP,337
2023-02-04 12:43:30,204.25.216.121,46274,218.103.11.195,31626,UDP,1383
2022-01-29 02:24:14,9.57.99.173,14500,173.123.137.58,56169,UDP,1384
2020-09-14 15:39:15,140.155.209.184,23466,204.209.66.53,1817,TCP,1018
2022-07-17 05:47:12,107.216.209.241,53403,219.163.22.131,40715,UDP,245
2021-11-07 21:29:19,162.88.81.211,57523,6.150.40.238,24018,UDP,983
2022-03-28 04:58:03,204.198.132.82,26301,198.212.245.10,51586,TCP,1338
2020-07-16 16:46:02,210.97.70.180,27340,219.4.231.45,46527,UDP,102
2022-10-10 03:09:38,48.52.185.1,15255,134.117.92.203,38638,UDP,954
2023-03-09 13:59:41,53.248.15.64,28388,99.25.176.241,48066,TCP,661
2023-01-09 12:39:22,26.140.141.235,50961,180.179.4.184,60024,ICMP,1266
2022-01-29 08:28:55,27.48.11.163,53618,147.83.36.20,39387,ICMP,1200
2021-04-27 22:14:15,198.15.1.175,3246,160.164.84.180,13802,TCP,700
2023-12-09 00:20:59,58.29.223.35,36339,116.193.44.162,53265,TCP,341
2021-08-16 04:49:19,114.30.220.24,53471,83.12.105.58,61737,UDP,765
2020-08-26 16:55:53,121.251.115.230,11553,100.148.171.196,33130,UDP,1165
2020-05-21 21:39:17,110.10.108.117,23614,144.165.195.73,6633,UDP,960
2023-03-21 10:24:37,74.14.202.207,2572,26.80.76.214,20477,TCP,1387
2021-04-12 00:29:23,77.173.22.35,64418,39.214.187.129,61143,ICMP,844
2023-05-05 00:25:35,90.121.43.190,36251,158.221.122.81,9130,ICMP,1201
2021-09-28 07:37:24,125.52.76.77,64025,190.201.71.238,60629,UDP,863
2023-04-07 09:07:13,89.189.230.23,31216,217.154.156.216,15710,TCP,1353
2023-10-06 22:09:30,20.180.113.125,21400,145.141.150.27,41651,UDP,535
2021-10-26 21:48:02,63.143.166.198,10200,76.89.174.25,30419,ICMP,1333
2023-10-22 15:29:45,45.197.194.210,49820,88.166.244.26,43046,UDP,1040
2021-06-10 19:41:00,221.95.148.247,12552,10.141.177.141,6001,ICMP,87
2020-01-19 19:31:38,19.140.76.206,14042,195.8.96.144,46295,TCP,1114
2022-11-19 10:52:23,213.74.213.7,27165,215.83.222.222,50616,ICMP,151
2021-04-12 17:42:07,121.156.79.118,57379,130.13.56.217,24916,TCP,380
2023-11-20 17:04:19,50.41.88.148,20275,31.244.243.228,32747,UDP,168
2021-01-10 03:30:06,82.240.132.235,22764,111.102.157.163,13083,ICMP,816
2022-12-21 08:42:12,52.37.13.90,19067,41.169.156.209,40312,UDP,301
2020-05-01 22:41:59,201.241.8.32,44367,21.217.254.54,49921,TCP,806
2020-04-30 12:39:36,111.100.205.233,20247,91.23.21.9,18353,TCP,253
2022-01-30 05:49:49,4.138.90.183,3843,166.82.158.81,10200,TCP,212
2021-09-04 14:06:56,112.199.190.188,37275,94.15.49.60,64036,UDP,1324
2022-06-11 12:00:51,14.247.213.178,13103,144.198.114.140,52387,ICMP,89
2021-11-30 06:58:13,171.79.229.196,21151,36.53.185.252,42982,ICMP,186
2021-07-20 01:01:15,186.58.177.248,13063,142.99.73.54,59103,TCP,1497
2021-01-29 15:33:15,143.214.40.226,58555,1.247.147.88,47162,ICMP,107
2021-11-29 04:39:10,61.245.11.9,29313,60.218.72.101,19178,UDP,472
2022-07-29 22:13:22,48.63.129.41,23237,148.8.207.226,55858,ICMP,1289
2022-01-27 22:21:10,154.14.59.108,27810,2.62.218.35,35297,UDP,69
2020-01-07 01:40:14,211.180.112.113,64715,61.193.35.48,6624,TCP,440
2020-03-19 02:42:24,32.167.137.12,33549,51.85.24.42,1526,UDP,467
2022-03-12 01:13:52,190.140.112.40,35870,195.126.154.10,34951,ICMP,350
2022-04-16 21:33:16,203.178.243.17,27130,138.163.130.154,65463,UDP,393
2023-05-27 12:38:47,184.145.14.219,31422,153.39.230.122,17332,UDP,300
2023-07-14 11:23:39,20.148.163.2,14197,99.142.80.130,51384,UDP,275
2023-04-15 01:58:17,112.164.237.19,3286,64.53.87.124,55660,ICMP,1061
2022-01-11 21:30:30,5.93.11.197,15427,91.141.215.101,57409,UDP,1206
2022-11-08 19:38:39,218.9.24.47,44506,33.226.252.198,48589,ICMP,796
2020-08-25 11:31:52,14.72.95.9,14344,56.56.7.188,55107,TCP,1319
2021-04-15 03:14:44,171.23.51.187,47138,121.48.160.114,45795,UDP,75
2023-04-09 02:20:12,120.141.70.102,28808,170.175.204.125,36523,TCP,1497
2020-07-31 04:36:24,150.132.196.101,54723,168.170.152.101,64592,TCP,1068
2022-05-19 04:31:41,21.74.171.202,24827,48.240.5.19,42522,TCP,520
2023-08-29 02:28:36,159.125.148.211,35793,180.255.219.130,9378,ICMP,500
2022-12-03 17:41:55,212.184.71.136,27648,149.172.128.170,60022,TCP,677
2022-08-26 21:44:28,145.77.143.102,21373,176.34.24.35,13426,TCP,447
2020-05-10 02:09:36,163.150.89.25,21233,190.232.123.84,36418,ICMP,760
2023-10-15 15:41:10,176.141.73.57,60065,78.68.120.172,44278,ICMP,401
2023-04-29 06:48:24,140.88.16.21,35743,1.207.2.25,21114,ICMP,1310
2020-08-13 12:32:08,203.141.202.165,51745,35.210.67.131,12005,TCP,780
2020-10-15 13:24:50,62.237.202.32,3227,35.54.231.227,36256,UDP,361
2021-01-02 08:00:33,111.31.211.1,15023,52.224.5.229,46382,ICMP,836
2023-10-24 06:50:55,100.241.171.76,26831,192.151.79.68,47161,UDP,1438
2021-11-15 14:59:48,150.201.24.98,59616,201.60.20.190,23596,TCP,398
2023-12-02 09:07:17,26.138.102.212,7545,140.92.105.214,56260,ICMP,502
2021-03-16 10:22:52,137.142.82.156,42881,77.56.242.159,49133,ICMP,1348
2022-10-28 06:09:18,53.79.81.251,37720,143.112.144.174,3582,TCP,940
2023-12-07 14:33:53,104.37.236.193,11538,52.210.80.176,5443,TCP,1200
2021-06-20 16:52:55,47.88.152.35,55511,161.148.36.195,54218,ICMP,1225
2022-12-19 11:58:40,104.101.61.34,3000,52.130.166.12,45594,UDP,463
2022-09-16 23:22:01,121.26.249.90,44956,176.230.248.239,4057,UDP,1053
2023-01-17 21:20:58,73.229.195.176,44880,37.23.73.136,57438,UDP,1463
2023-09-02 10:47:15,163.250.24.191,1566,27.21.41.157,61486,ICMP,822
2021-06-26 04:40:45,20.141.177.80,63198,113.13.92.230,30449,ICMP,1035
2022-09-18 01:54:11,96.173.51.204,37241,85.114.183.131,28981,UDP,359
2021-10-29 19:17:55,99.125.108.117,16564,93.180.7.177,65502,TCP,592
2022-01-06 08:03:19,24.72.184.241,48764,222.159.173.162,19644,UDP,248
2020-09-23 19:48:22,108.18.138.54,31944,166.25.136.130,45361,ICMP,894
2022-01-22 22:36:14,181.51.170.176,26839,28.92.135.11,33861,UDP,581
2020-05-18 20:09:34,220.231.250.229,7566,102.191.51.193,28113,TCP,486
2022-11-02 19:53:38,115.250.115.163,36724,130.150.66.162,35293,UDP,251
2023-04-01 00:22:37,9.2.49.149,30668,143.67.24.234,1176,ICMP,77
2022-03-02 03:28:40,31.104.119.26,20788,108.195.39.223,21582,ICMP,143
2023-02-11 23:14:11,168.23.234.102,39151,144.94.238.208,41404,ICMP,550
2020-07-12 08:46:42,35.105.46.127,11388,130.130.128.237,46760,UDP,551
2020-04-05 09:25:12,7.150.199.58,16969,178.202.82.30,21389,UDP,279
2022-09-25 02:52:23,204.203.236.0,28520,196.1.222.116,51809,UDP,984
2023-09-17 19:22:25,99.100.245.130,22960,8.81.239.173,55393,UDP,241
2021-11-05 11:07:13,180.249.25.192,10226,81.111.6.77,25975,TCP,489
2021-08-24 05:19:58,163.206.75.103,55797,94.111.16.236,46117,UDP,221
2022-12-25 06:36:24,213.97.75.45,23811,35.233.214.8,50527,UDP,996
2021-09-24 15:45:27,102.202.70.81,46621,89.178.109.200,18078,UDP,849
2023-05-26 10:54:57,65.85.216.181,12928,117.212.23.141,44622,TCP,317
2021-12-30 13:37:29,211.112.126.73,40528,197.41.167.92,14439,UDP,1228
2021-02-07 05:22:46,80.121.5.204,56905,13.137.223.25,23176,TCP,534
2022-09-16 19:56:08,151.151.104.29,3964,76.223.170.133,5325,ICMP,204
2022-02-14 06:29:24,1.25.247.173,12559,180.169.4.166,37536,TCP,1272
2020-06-15 10:15:28,203.77.237.1,59226,1.193.4.144,36325,UDP,1276
2023-02-03 17:10:17,26.157.26.56,10962,58.101.133.193,15343,ICMP,890
2023-12-16 01:49:53,102.124.91.181,56069,150.142.173.238,37747,TCP,1176
2020-03-25 07:03:44,95.45.167.242,51383,75.6.227.181,31134,ICMP,1209
2021-04-08 15:52:02,181.52.222.43,19212,182.89.50.87,30254,UDP,1290
2021-04-22 15:50:33,143.119.159.147,64710,221.29.203.242,22527,TCP,706
2022-11-01 10:03:21,87.164.158.204,52196,77.94.201.119,15605,TCP,774
2022-05-02 20:03:15,188.129.197.54,3989,32.187.53.51,41083,UDP,658
2021-06-03 19:52:37,192.235.34.155,63422,128.211.181.203,20548,UDP,1023
2020-08-29 23:03:33,43.217.176.45,27253,11.219.214.89,48858,TCP,287
2022-06-10 06:50:55,68.142.32.40,53101,208.70.231.55,28792,UDP,113
2021-10-04 21:46:34,155.100.249.208,31593,170.13.255.77,47235,TCP,1172
2023-10-31 16:48:55,47.209.117.16,37704,140.42.154.80,56590,UDP,947
2023-11-15 20:40:48,36.114.192.92,56349,196.131.9.5,35876,TCP,1365
2023-04-01 02:12:47,219.153.226.188,36707,99.227.148.253,4117,ICMP,229
2023-01-19 04:32:39,163.180.144.86,26385,26.252.90.147,12449,TCP,1398
2022-06-29 09:57:13,42.97.243.193,10881,150.21.238.194,54913,ICMP,1008
2021-07-21 21:10:33,71.12.13.40,3186,202.187.14.118,53990,UDP,629
2023-02-05 01:51:28,83.33.4.125,25774,57.144.183.206,63966,UDP,976
2021-04-03 07:55:25,142.154.74.133,9618,122.172.197.91,23857,TCP,462
2023-08-28 16:58:09,116.182.237.58,12929,167.27.188.5,62046,TCP,1465
2020-07-03 04:39:15,108.207.46.173,2362,6.128.176.117,39580,TCP,1079
2022-02-01 16:24:00,193.104.188.183,38037,222.176.235.42,65344,TCP,1280
2023-10-20 08:08:53,171.161.61.135,33603,167.248.27.223,60224,ICMP,1347
2020-12-04 15:06:26,77.15.27.198,30977,92.51.130.195,9692,TCP,519
2020-12-31 02:31:50,66.161.63.107,4745,83.141.17.135,2378,ICMP,126
2020-04-08 10:07:17,218.248.250.252,14346,89.233.149.162,39857,ICMP,826
2020-02-16 09:17:10,181.173.27.71,8050,49.177.189.149,20618,TCP,1117
2023-06-09 16:08:23,158.131.86.118,6693,205.215.148.54,55661,UDP,1155
2020-11-17 17:05:42,163.119.141.97,59173,118.204.33.89,35980,TCP,135
2023-03-03 13:01:12,173.51.75.77,15594,79.209.124.124,33509,TCP,1188
2023-04-12 11:02:44,193.110.219.78,62569,123.164.189.152,31990,UDP,868
2021-07-23 22:24:27,169.152.228.6,47919,113.240.124.188,9253,UDP,378
2020-11-15 16:01:53,159.126.174.63,33222,92.231.158.151,16534,TCP,1204
2021-03-27 21:50:45,8.102.101.94,7639,164.201.137.88,34046,TCP,1433
2022-07-23 07:05:57,90.86.187.221,23321,218.71.120.236,39170,UDP,615
2021-12-07 13:06:09,6.188.15.77,53167,117.9.221.245,5063,TCP,337
2020-09-16 09:17:30,156.138.31.243,56446,5.136.209.124,15662,TCP,756
2022-06-15 19:35:56,87.105.49.85,11160,221.40.125.231,11935,TCP,387
2023-06-22 20:56:53,206.207.138.152,47400,66.5.33.239,16869,ICMP,803
2021-06-23 23:21:14,72.114.108.10,22778,178.189.27.74,22653,ICMP,1078
2020-01-20 17:26:58,213.237.130.148,59014,59.15.70.112,14738,UDP,866
2021-09-04 16:57:09,36.166.91.233,61077,140.44.251.85,45557,ICMP,1157
2023-06-11 07:34:47,97.55.170.61,59934,178.58.66.188,54357,TCP,526
2022-03-11 02:52:02,170.25.178.192,40223,40.12.52.255,62160,ICMP,1041
2022-07-11 20:02:17,182.206.173.221,44713,46.19.65.195,63200,ICMP,235
2021-12-25 21:11:54,189.64.203.17,40931,89.47.201.172,7237,TCP,88
2020-06-28 21:31:34,199.243.176.224,27802,81.35.198.36,39918,ICMP,961
2023-09-05 10:33:36,117.164.170.190,32991,25.173.86.201,54223,ICMP,64
2021-12-21 02:34:18,175.75.175.252,23286,142.216.141.169,36356,TCP,700
2022-05-31 21:29:28,17.112.125.153,52412,212.218.229.104,29834,UDP,164
2022-03-19 03:52:51,105.218.26.193,64232,139.230.255.30,34508,TCP,1124
2021-12-30 16:33:48,87.210.113.5,57050,217.129.36.47,39624,ICMP,327
2023-12-23 09:11:43,63.204.189.40,49956,193.120.242.52,64274,UDP,551
2023-02-25 07:15:09,168.52.53.182,57359,46.22.125.95,48819,ICMP,835
2020-12-21 01:06:14,6.143.75.146,33424,34.83.65.170,50005,UDP,729
2022-01-12 08:59:30,12.2.80.204,63547,47.170.138.49,2466,ICMP,1163
2020-01-06 18:03:46,160.5.157.127,16670,104.57.35.106,22965,UDP,1115
2021-07-23 01:00:08,43.66.93.178,63601,26.22.149.192,9830,ICMP,1035
2023-10-25 20:42:39,33.180.196.171,43220,74.118.154.232,11593,UDP,1409
2023-04-19 15:06:20,83.178.166.121,22861,62.42.183.99,36334,ICMP,1378
2021-05-24 13:04:20,180.4.164.168,23569,157.23.149.184,36040,ICMP,1250
2022-10-03 20:48:43,107.186.195.120,21550,94.118.17.154,14406,UDP,169
2023-04-02 23:46:10,176.90.160.120,5620,60.6.198.140,7513,TCP,568
2020-04-23 10:56:21,73.154.241.33,31409,146.53.134.114,33744,TCP,1043
2023-04-11 08:38:19,159.85.110.163,16793,179.0.166.7,63662,UDP,1362
2022-10-16 03:17:25,130.199.126.88,22731,11.61.209.53,42393,UDP,288
2021-01-19 21:22:21,208.217.84.1,8081,95.63.118.68,37295,ICMP,1444
2020-08-20 23:27:38,136.12.130.242,64614,173.191.199.141,48411,TCP,300
2022-05-07 13:03:48,110.121.125.60,36459,6.31.188.93,38555,TCP,194
2020-03-14 05:20:24,41.156.183.193,21569,178.215.119.230,26528,UDP,878
2022-07-12 20:19:06,11.150.166.40,61545,155.11.140.163,12980,UDP,86
2020-11-04 14:13:06,123.54.199.65,57735,206.158.90.0,40373,UDP,1151
2022-06-06 05:33:00,160.39.223.97,60371,66.182.244.193,62381,UDP,406
2023-06-12 09:12:58,88.24.53.44,36849,220.13.229.211,4390,ICMP,510
2021-07-31 14:03:18,96.8.148.20,46841,195.40.207.18,52026,UDP,97
2023-01-07 15:00:22,140.211.77.68,3569,33.59.90.179,13816,ICMP,1415
2020-03-24 07:21:56,13.116.8.91,17335,1.12.239.172,52896,TCP,615
2020-10-03 07:20:50,92.148.30.166,5637,3.173.169.226,13494,TCP,392
2020-09-17 05:09:55,32.220.221.216,33807,41.182.97.173,55494,ICMP,453
2020-09-01 14:43:48,120.33.235.202,3514,104.20.103.17,1253,ICMP,827
2023-04-20 19:54:59,140.253.122.188,36214,2.80.82.236,18507,UDP,452
2023-11-18 09:35:01,171.145.205.25,62049,177.120.15.121,19892,TCP,1427
2020-11-06 15:05:13,179.236.206.64,8593,63.47.249.45,22807,TCP,227
2022-10-15 12:44:41,143.172.255.35,49764,115.195.16.199,45309,TCP,104
2020-12-08 01:45:29,143.117.107.48,30703,63.230.124.61,14802,UDP,161
2021-10-04 22:19:45,153.245.101.140,48925,64.217.194.87,22418,TCP,1021
2020-06-27 22:09:37,172.207.96.146,31947,14.215.51.112,44518,TCP,1075
2021-11-28 07:37:42,33.41.246.199,45830,180.70.28.33,63028,UDP,396
2020-03-23 21:22:38,135.40.133.43,48141,155.109.247.189,19038,UDP,534
2020-12-16 12:48:38,159.156.64.221,50270,202.183.6.97,28517,ICMP,65
2023-01-17 18:38:30,104.200.66.200,60807,189.80.39.162,55830,UDP,465
2023-06-07 08:55:09,141.58.45.104,26274,200.48.195.198,1675,UDP,253
2020-08-27 17:07:52,214.197.101.10,26744,91.123.240.69,50566,ICMP,555
2023-12-14 17:46:55,30.133.242.113,23988,165.65.160.68,37891,UDP,1336
2021-01-19 07:35:44,209.2.100.55,32700,162.252.197.179,32985,ICMP,1174
2023-04-14 16:13:29,104.245.233.83,43048,123.239.28.198,42560,ICMP,406
2021-04-15 02:24:39,88.202.240.194,31972,49.39.33.242,43466,UDP,370
2020-04-14 07:19:15,6.7.172.253,6222,130.234.129.244,17587,ICMP,366
2021-04-26 07:47:44,212.232.235.71,46445,61.127.215.237,22971,UDP,1174
2023-01-12 00:13:25,4.223.253.71,65045,75.245.86.38,34935,ICMP,1068
2020-06-17 19:35:21,43.166.35.147,51017,3.99.213.221,49295,TCP,154
2023-05-28 04:35:48,99.3.187.166,12553,198.168.151.49,44862,ICMP,448
2020-06-23 08:05:33,58.41.12.65,11922,198.200.8.140,13343,TCP,789
2020-05-13 01:55:36,9.133.178.104,39778,126.185.95.88,38770,UDP,189
2022-03-08 00:37:17,19.207.193.142,6129,82.107.165.237,42980,TCP,1000
2021-12-03 07:36:36,8.210.37.15,7222,135.94.40.203,17830,ICMP,575
2023-06-04 10:49:24,86.157.127.10,52382,74.59.213.97,62399,UDP,1433
2020-01-11 20:27:19,223.236.42.130,13480,53.206.56.122,44534,TCP,384
2021-12-09 23:54:41,93.235.97.40,44308,147.164.97.108,48449,ICMP,579
2021-09-20 22:42:10,46.222.220.66,7011,44.192.13.205,34986,TCP,1180
